type,code,status,plate,sector_id
mid,E-35-PAP1-027,0,not,2
mid,E-35-PAP1-028,0,not,2
mid,E-35-PAP1-029,0,not,2
mid,E-35-PAP1-030,0,not,2
mid,E-35-PAP1-031,0,not,2
mid,E-35-PAP1-032,0,not,2
mid,E-35-PAP1-033,0,not,2
mid,E-35-PAP1-034,0,not,2
mid,E-35-PAP1-035,0,not,2
mid,E-35-PAP1-036,0,not,2
mid,E-35-PAP1-037,0,not,2
mid,E-35-PAP1-038,0,not,2
mid,E-35-PAP1-039,0,not,2
mid,E-35-PAP1-040,0,not,2
mid,E-35-PAP1-041,0,not,2
mid,E-35-PAP1-042,0,not,2
mid,E-35-PAP1-043,0,not,2
mid,E-35-PAP1-044,0,not,2
mid,E-35-PAP1-045,0,not,2
mid,E-35-PAP1-046,0,not,2
mid,E-35-PAP1-047,0,not,2
mid,E-35-PAP1-048,0,not,2
mid,E-35-PAP1-049,0,not,2
mid,E-35-PAP1-050,0,not,2
mid,E-35-PAP1-051,0,not,2
mid,E-35-PAP1-052,0,not,2
mid,E-35-PAP1-001,0,not,3
mid,E-35-PAP1-002,0,not,3
mid,E-35-PAP1-003,0,not,3
mid,E-35-PAP1-004,0,not,3
mid,E-35-PAP1-005,0,not,3
mid,E-35-PAP1-006,0,not,3
mid,E-35-PAP1-007,0,not,3
mid,E-35-PAP1-008,0,not,3
mid,E-35-PAP1-009,0,not,3
mid,E-35-PAP1-010,0,not,3
mid,E-35-PAP1-011,0,not,3
mid,E-35-PAP1-012,0,not,3
mid,E-35-PAP1-013,0,not,3
mid,E-35-PAP1-014,0,not,3
mid,E-35-PAP1-015,0,not,3
mid,E-35-PAP1-016,0,not,3
mid,E-35-PAP1-017,0,not,3
mid,E-35-PAP1-018,0,not,3
mid,E-35-PAP1-019,0,not,3
mid,E-35-PAP1-020,0,not,3
mid,E-35-PAP1-021,0,not,3
mid,E-35-PAP1-022,0,not,3
mid,E-35-PAP1-023,0,not,3
mid,E-35-PAP1-024,0,not,3
mid,E-35-PAP1-025,0,not,3
mid,E-35-PAP1-026,0,not,3
mid,E-33-PB-229,0,not,1
mid,E-33-PB-230,0,not,1
mid,E-33-PB-231,0,not,1
mid,E-33-PB-232,0,not,1
mid,E-33-PB-233,0,not,1
mid,E-33-PB-234,0,not,1
mid,E-33-PB-235,0,not,1
mid,E-33-PB-236,0,not,1
mid,E-33-PB-237,0,not,1
mid,E-33-PB-238,0,not,1
mid,E-33-PB-239,0,not,1
mid,E-33-PB-240,0,not,1
mid,E-33-PB-241,0,not,1
mid,E-33-PB-242,0,not,1
mid,E-33-PB-243,0,not,1
mid,E-33-PB-244,0,not,1
mid,E-33-PB-245,0,not,1
mid,E-33-PB-246,0,not,1
mid,E-33-PB-247,0,not,1
mid,E-33-PB-248,0,not,1
mid,E-33-PB-249,0,not,1
mid,E-33-PB-250,0,not,1
mid,E-33-PB-251,0,not,1
mid,E-33-PB-252,1,not,1
mid,E-33-PB-253,1,not,1
mid,E-33-PB-254,1,not,1
mid,E-33-PB-255,0,not,1
mid,E-33-PB-256,1,not,1
mid,E-33-PB-257,0,not,1
mid,E-33-PB-258,0,not,1
mid,E-33-PB-259,0,not,1
mid,E-33-PB-260,1,not,1
mid,E-33-PB-261,1,not,1
mid,E-33-PB-262,0,not,1
mid,E-33-PB-263,0,not,1
mid,E-33-PB-264,0,not,1
mid,E-33-PB-265,0,not,1
mid,E-33-PB-266,2,not,1
mid,E-33-PB-267,0,not,1
mid,E-33-PB-268,2,not,1
mid,E-33-PB-269,0,not,1
mid,E-33-PB-270,0,not,1
mid,E-33-PB-271,0,not,1
mid,E-33-PB-272,0,not,1
mid,E-33-PB-273,0,not,1
mid,E-33-PB-274,0,not,1
mid,E-33-PB-275,0,not,1
mid,E-33-PB-276,0,not,1
mid,E-33-PB-277,0,not,1
mid,E-33-PB-278,0,not,1
mid,E-33-PB-279,0,not,1
mid,E-33-PB-280,0,not,1
mid,E-33-PB-281,0,not,1
mid,E-33-PB-282,0,not,1
mid,E-33-PB-283,0,not,1
mid,E-33-PB-284,0,not,1
mid,E-33-PB-285,0,not,1
mid,E-33-PB-286,0,not,1
mid,E-33-PB-287,0,not,1
mid,E-33-PB-288,2,not,1
mid,E-33-PB-289,0,not,1
mid,E-33-PB-290,0,not,1
mid,E-33-PB-291,0,not,1
mid,E-33-PB-292,0,not,1
mid,E-33-PB-293,0,not,1
mid,E-33-PB-294,1,not,1
mid,E-33-PB-295,0,not,1
mid,E-33-PB-296,0,not,1
mid,E-33-PB-297,0,not,1
mid,E-33-PB-298,0,not,1
mid,E-33-PB-299,0,not,1
mid,E-33-PB-300,0,not,1
mid,E-33-PB-301,0,not,1
mid,E-33-PB-302,0,not,1
mid,E-33-PB-303,0,not,1
mid,E-33-PB-304,1,not,1
mid,E-33-PB-305,0,not,1
mid,E-33-PB-306,0,not,1
mid,E-33-PB-307,0,not,1
mid,E-33-PB-308,1,not,1
mid,E-33-PB-309,0,not,1
mid,E-33-PB-310,0,not,1
mid,E-33-PB-311,0,not,1
mid,E-33-PB-312,0,not,1
mid,E-33-PB-313,1,not,1
mid,E-33-PB-314,0,not,1
mid,E-33-PB-315,0,not,1
mid,E-33-PB-316,0,not,1
mid,E-33-PB-317,1,not,1
mid,E-33-PB-318,0,not,1
mid,E-33-PB-319,0,not,1
small,E-35-PAP2-51,1,not,4
small,E-35-PAP2-52,1,not,4
small,E-35-PAP2-53,1,not,4
small,E-35-PAP2-54,1,not,4
mid,E-35-PAP2-55,1,not,4
mid,E-35-PAP2-56,1,not,4
mid,E-35-PAP2-57,1,not,4
mid,E-35-PAP2-58,1,not,4
mid,E-35-PAP2-59,1,not,4
mid,E-35-PAP2-60,1,not,4
mid,E-35-PAP2-61,1,not,4
mid,E-35-PAP2-62,1,not,4
mid,E-35-PAP2-63,1,not,4
mid,E-35-PAP2-64,1,not,4
mid,E-35-PAP2-65,1,not,4
mid,E-35-PAP2-66,1,not,4
mid,E-35-PAP2-67,1,not,4
mid,E-35-PAP2-68,1,not,4
mid,E-35-PAP2-69,1,not,4
mid,E-35-PAP2-70,1,not,4
mid,E-35-PAP2-71,1,not,4
mid,E-35-PAP2-72,1,not,4
mid,E-35-PAP2-73,1,not,4
mid,E-35-PAP2-74,1,not,4
mid,E-35-PAP2-75,1,not,4
mid,E-35-PAP2-76,1,not,4
mid,E-35-PAP2-77,1,not,4
mid,E-35-PAP2-78,1,not,4
mid,E-35-PAP2-79,1,not,4
mid,E-35-PAP2-80,1,not,4
mid,E-35-PAP2-81,1,not,4
mid,E-35-PAP2-82,1,not,4
mid,E-35-PAP2-83,1,not,4
mid,E-35-PAP2-84,1,not,4
mid,E-35-PAP2-85,1,not,4
mid,E-35-PAP2-86,1,not,4
mid,E-35-PAP2-87,1,not,4
mid,E-35-PAP2-88,1,not,4
mid,E-35-PAP2-89,1,not,4
mid,E-35-PAP2-90,1,not,4
mid,E-35-PAP2-91,1,not,4
mid,E-35-PAP2-92,1,not,4
mid,E-35-PAP2-93,1,not,4
mid,E-35-PAP2-94,1,not,4
mid,E-35-PAP2-95,1,not,4
mid,E-35-PAP2-96,1,not,4
mid,E-35-PAP2-97,1,not,4
mid,E-35-PAP2-98,1,not,4
mid,E-35-PAP2-99,1,not,4
mid,E-35-PAP2-100,1,not,4
mid,E-35-PAP2-101,1,not,4
mid,E-35-PAP2-102,1,not,4
mid,E-35-PAP2-103,1,not,4
mid,E-35-PAP2-104,1,not,4
mid,E-35-PAP2-105,1,not,4
mid,E-35-PAP2-106,1,not,4
mid,E-35-PAP2-107,1,not,4
mid,E-35-PAP2-108,1,not,4
mid,E-35-PAP2-109,1,not,4
mid,E-35-PAP2-110,1,not,4
mid,E-35-PAP2-111,1,not,4
mid,E-35-PAP2-112,1,not,4
mid,E-35-PAP2-113,1,not,4
mid,E-35-PAP2-114,1,not,4
mid,E-35-PAP2-115,1,not,4
mid,E-35-PAP2-116,1,not,4
mid,E-35-PAP2-117,1,not,4
mid,E-35-PAP2-118,1,not,4
mid,E-35-PAP2-119,1,not,4
mid,E-35-PAP2-120,1,not,4
mid,E-35-PAP2-121,1,not,4
mid,E-35-PAP2-122,1,not,4
mid,E-35-PAP2-123,1,not,4
mid,E-35-PAP2-124,1,not,4
mid,E-35-PAP2-125,1,not,4
mid,E-35-PAP2-126,1,not,4
mid,E-35-PAP2-127,1,not,4
mid,E-35-PAP2-128,1,not,4
mid,E-35-PAP2-129,1,not,4
mid,E-35-PAP2-130,1,not,4
mid,E-35-PAP2-131,1,not,4
mid,E-35-PAP2-132,1,not,4
mid,E-35-PAP2-133,1,not,4
mid,E-35-PAP2-134,1,not,4
mid,E-35-PAP2-135,1,not,4
mid,E-35-PAP2-136,1,not,4
mid,E-35-PAP2-137,1,not,4
mid,E-35-PAP2-138,1,not,4
mid,E-35-PAP2-139,1,not,4
mid,E-35-PAP2-140,1,not,4
mid,E-35-PAP2,1,not,4
mid,E-35-PAP2,1,not,4
mid,E-35-PAP2-141,1,not,4
mid,E-35-PAP2-142,1,not,4
mid,E-35-PAP2-143,1,not,4
mid,E-35-PAP2-144,1,not,4
mid,E-35-PAP2-145,1,not,4
mid,E-35-PAP2-146,1,not,4
mid,E-35-PAP2-147,1,not,4
mid,E-35-PAP2-148,1,not,4
mid,E-35-PAP2-149,1,not,4
mid,E-35-PAP2-150,1,not,4
small,E-35-PAP2,1,not,4
small,E-35-PAP2,1,not,4
small,E-35-PAP2,1,not,4
small,E-35-PAP2,1,not,4
small,E-35-PAP2,1,not,4
small,E-35-PAP2,1,not,4
small,E-35-PAP2,1,not,4
small,E-35-PAP2,1,not,4
mid,E-35-PAP2-151,1,not,4
mid,E-35-PAP2-152,2,not,4
mid,E-35-PAP2-153,1,not,4
mid,E-35-PAP2-154,1,not,4
mid,E-35-PAP2-155,1,not,4
mid,E-35-PAP2-156,1,not,4
mid,E-35-PAP2-157,1,not,4
mid,E-35-PAP2-158,1,not,4
mid,E-35-PAP2-159,1,not,4
mid,E-35-PAP2-160,1,not,4
mid,E-35-PAP2-161,1,not,4
mid,E-35-PAP2-162,1,not,4
mid,E-35-PAP2-163,1,not,4
mid,E-35-PAP2-164,1,not,4
mid,E-35-PAP2-165,1,not,4
mid,E-35-PAP2-166,1,not,4
mid,E-35-PAP2-167,1,not,4
mid,E-35-PAP2-168,1,not,4
mid,E-35-PAP2-169,1,not,4
mid,E-35-PAP2-170,1,not,4
mid,E-35-PAP2-171,1,not,4
mid,E-35-PAP2-172,1,not,4
mid,E-35-PAP2-173,1,not,4
mid,E-35-PAP2-174,1,not,4
mid,E-35-PAP2-175,1,not,4
mid,E-35-PAP2-176,1,not,4
mid,E-35-PAP2-177,1,not,4
mid,E-35-PAP2-178,1,not,4
mid,E-35-PAP2-179,1,not,4
mid,E-35-PAP2-180,1,not,4
mid,E-35-PAP2-181,1,not,4
mid,E-35-PAP2-182,1,not,4
mid,E-35-PAP2-183,1,not,4
mid,E-35-PAP2-184,1,not,4
mid,E-35-PAP2-185,1,not,4
mid,E-35-PAP2-186,1,not,4
mid,E-35-PAP2-187,1,not,4
mid,E-35-PAP2-188,1,not,4
mid,E-35-PAP2-189,1,not,4
mid,E-35-PAP2-190,1,not,4
mid,E-35-PAP2-191,1,not,4
mid,E-35-PAP2-192,1,not,4
mid,E-35-PAP2-193,1,not,4
mid,E-35-PAP2-194,1,not,4
mid,E-35-PAP2-195,1,not,4
mid,E-35-PAP2-196,1,not,4
mid,E-35-PAP2-197,2,not,4
mid,E-35-PAP2-198,1,not,4
mid,E-35-PAP2-199,1,not,4
mid,E-35-PAP2-200,1,not,4
mid,E-35-PAP2-201,0,not,4
mid,E-35-PAP2-202,1,not,4
mid,E-35-PAP2-203,1,not,4
mid,E-35-PAP2-204,1,not,4
mid,E-35-PAP2-205,1,not,4
mid,E-35-PAP2-206,1,not,4
mid,E-35-PAP2-207,1,not,4
mid,E-35-PAP2-208,1,not,4
mid,E-35-PAP2-209,1,not,4
mid,E-35-PAP2-210,1,not,4
mid,E-35-PAP2-211,1,not,4
mid,E-35-PAP2-212,1,not,4
mid,E-35-PAP2-213,1,not,4
mid,E-35-PAP2-214,1,not,4
mid,E-35-PAP2-215,1,not,4
mid,E-35-PAP2-216,1,not,4
mid,E-35-PAP2-217,1,not,4
mid,E-35-PAP2-218,1,not,4
Large,E-35-PAP2-219,1,not,4
mid,E33-P1-001,1,not,5
mid,CETI-002,1,not,5
mid,E33-P1-003,1,not,5
mid,E33-P1-004,1,not,5
mid,E33-P1-005,1,not,5
mid,E33-P1-006,1,not,5
mid,E33-P1-007,1,not,5
mid,E33-P1-008,1,not,5
mid,B33-P1-009,1,not,5
mid,CETI-010,1,not,5
mid,E33-P1-011,1,not,5
mid,E33-P1-012,1,not,5
mid,E33-P1-013,1,not,5
mid,E33-P1-014,1,not,5
mid,E33-P1-015,1,not,5
mid,E33-P1-016,1,not,5
mid,E33-P1-017,1,not,5
mid,E33-P1-018,1,not,5
mid,E33-P1-019,1,not,5
mid,B33-P1-020,1,not,5
mid,CETI-021,1,not,5
mid,CETI-022,1,not,5
mid,CETI-023,0,not,5
mid,E33-P1-024,1,not,5
mid,CETI-025,1,not,5
mid,CETI-026,1,not,5
mid,E33-P1-027,1,not,5
mid,CETI-028,1,not,5
mid,E33-P1-029,1,not,5
mid,CETI-030,1,not,5
mid,E33-P1-031,1,not,5
mid,CETI-032,1,not,5
mid,E33-P1-033,1,not,5
mid,CETI-034,1,not,5
mid,E33-P1-035,1,not,5
mid,E33-P1-036,1,not,5
mid,E33-P1-037,1,not,5
mid,E33-P1-038,1,not,5
mid,E33-P1-039,1,not,5
mid,E33-P1-040,1,not,5
mid,E33-P1-041,1,not,5
mid,E33-P1-042,1,not,5
mid,E33-P1-043,1,not,5
mid,E33-P1-044,1,not,5
mid,E33-P1-045,1,not,5
mid,E33-P1-046,1,not,5
mid,E33-P1-047,0,not,5
mid,E33-P1-048,1,not,5
mid,E33-P1-049,1,not,5
mid,E33-P1-050,1,not,5
mid,E33-P1-051,1,not,5
mid,E33-P1-052,1,not,5
mid,E33-P1-053,1,not,5
mid,E33-P1-054,1,not,5
mid,E33-P1-055,1,not,5
mid,E33-P1-056,1,not,5
mid,E33-P1-057,1,not,5
mid,E33-P1-058,1,not,5
mid,E33-P1-059,0,not,5
mid,E33-P1-060,1,not,5
mid,E33-P1-061,1,not,5
mid,E33-P1-062,1,not,5
mid,E33-P1-063,1,not,5
mid,E33-P1-064,1,not,5
mid,E33-P1-065,1,not,5
mid,E33-P1-066,1,not,5
mid,E33-P1-067,1,not,5
mid,E33-P1-068,1,not,5
mid,E33-P1-069,1,not,5
mid,E33-P1-070,1,not,5
mid,E33-P1-071,1,not,5
mid,E33-P1-072,1,not,5
mid,E33-P1-073,1,not,5
mid,E33-P1-074,1,not,5
mid,E33-P1-075,1,not,5
mid,E33-P1-076,1,not,5
mid,E33-P1-077,1,not,5
mid,E33-P1-078,1,not,5
mid,E33-P1-079,1,not,5
mid,E33-P1-080,1,not,5
mid,E33-P1-081,1,not,5
mid,E33-P1-082,1,not,5
mid,E33-P1-083,1,not,5
mid,E33-P1-084,1,not,5
mid,E33-P1-085,1,not,5
mid,E33-P1-086,1,not,5
mid,E33-P1-087,1,not,5
mid,E33-P1-088,1,not,5
mid,E33-P1-089,1,not,5
mid,E33-P1-090,1,not,5
mid,E33-P1-091,1,not,5
mid,E33-P1-092,1,not,5
mid,E33-P1-093,1,not,5
mid,E33-P1-094,1,not,5
mid,E33-P1-095,1,not,5
mid,E33-P1-096,1,not,5
mid,E33-P1-097,1,not,5
mid,E33-P1-098,1,not,5
mid,E33-P1-099,1,not,5
mid,E33-P1-100,1,not,5
mid,E33-P1-101,1,not,5
mid,E33-P1-102,1,not,5
mid,E33-P1-103,1,not,5
mid,E33-P1-104,1,not,5
mid,E33-P1-105,1,not,5
mid,E33-P1-106,1,not,5
mid,E33-P1-107,1,not,5
mid,E33-P1-108,1,not,5
mid,E33-P1-109,1,not,5
mid,E33-P1-110,1,not,5
mid,E33-P1-111,1,not,5
mid,E33-P1-112,1,not,5
mid,E33-P1-113,1,not,5
mid,E33-P1-114,1,not,5
mid,E33-P1-115,1,not,5
mid,E33-P1-116,1,not,5
mid,E33-P1-117,1,not,5
mid,E33-P1-118,1,not,5
mid,E33-P1-119,0,not,5
mid,E33-P1-120,1,not,5
mid,E33-P1-121,1,not,5
mid,E33-P1-122,1,not,5
mid,E33-P1-123,1,not,5
mid,E33-P1-124,1,not,5
mid,E33-P1-125,1,not,5
mid,E33-P1-126,1,not,5
mid,E33-P1-127,1,not,5
mid,E33-P1-128,1,not,5
mid,E33-P1-129,1,not,5
mid,E33-P1-130,1,not,5
mid,E33-P1-131,1,not,5
mid,E33-P1-132,1,not,5
mid,E33-P1-133,1,not,5
mid,E33-P1-134,1,not,5
mid,E33-P1-135,1,not,5
mid,E33-P1-136,1,not,5
mid,E33-P1-137,1,not,5
mid,E33-P1-138,1,not,5
mid,E33-P1-139,1,not,5
mid,E33-P1-140,1,not,5
mid,E33-P1-141,1,not,5
mid,E33-P1-142,1,not,5
mid,E33-P1-143,1,not,5
mid,E33-P1-144,1,not,5
mid,E33-P1-145,1,not,5
mid,E33-P1-146,1,not,5
mid,E33-P1-147,1,not,5
mid,E33-P1-148,1,not,5
mid,E33-P1-149,1,not,5
mid,E33-P1-150,1,not,5
mid,E33-P1-151,1,not,6
mid,E33-P1-152,1,not,6
mid,E33-P1-153,1,not,6
mid,E33-P1-154,1,not,6
mid,E33-P1-155,1,not,6
mid,E33-P1-156,1,not,6
mid,E33-P1-157,1,not,6
mid,E33-P1-158,1,not,6
mid,E33-P1-159,1,not,6
mid,E33-P1-160,1,not,6
mid,E33-P1-161,1,not,6
mid,E33-P1-162,1,not,6
mid,E33-P1-163,1,not,6
mid,E33-P1-164,1,not,6
mid,E33-P1-165,1,not,6
mid,E33-P1-166,1,not,6
mid,E33-P1-167,1,not,6
mid,E33-P1-168,1,not,6
mid,E33-P1-169,1,not,6
mid,E33-P1-170,1,not,6
mid,E33-P1-171,1,not,6
mid,E33-P1-172,1,not,6
mid,E33-P1-173,1,not,6
mid,E33-P1-174,1,not,6
mid,E33-P1-175,1,not,6
mid,E33-P1-176,1,not,6
mid,E33-P1-177,1,not,6
mid,E33-P1-178,1,not,6
mid,E33-P1-179,1,not,6
mid,E33-P1-180,1,not,6
mid,E33-P1-181,1,not,6
mid,E33-P1-182,1,not,6
mid,E33-P1-183,1,not,6
mid,E33-P1-184,1,not,6
mid,E33-P1-185,1,not,6
mid,E33-P1-186,1,not,6
mid,E33-P1-187,1,not,6
mid,E33-P1-188,1,not,6
mid,E33-P1-189,1,not,6
mid,E33-P1-190,1,not,6
mid,E33-P1-191,1,not,6
mid,E33-P1-192,1,not,6
mid,E33-P1-193,1,not,6
mid,E33-P1-194,1,not,6
mid,E33-P1-195,1,not,6
mid,E33-P1-196,1,not,6
mid,E33-P1-197,1,not,6
mid,E33-P1-198,1,not,6
mid,E33-P1-199,1,not,6
mid,E33-P1-200,1,not,6
mid,E33-P1-201,1,not,6
mid,E33-P1-202,1,not,6
mid,E33-P1-203,1,not,6
mid,E33-P1-204,1,not,6
mid,E33-P1-205,1,not,6
mid,E33-P1-206,1,not,6
mid,E33-P1-207,1,not,6
mid,E33-P1-208,1,not,6
mid,E33-P1-209,1,not,6
mid,E33-P1-210,1,not,6
mid,E33-P1-211,1,not,6
mid,E33-P1-212,1,not,6
mid,E33-P1-213,1,not,6
mid,E33-P1-214,1,not,6
mid,E33-P1-215,1,not,6
mid,E33-P1-216,1,not,6
mid,E33-P1-217,1,not,6
mid,E33-P1-218,1,not,6
mid,E33-P1-219,1,not,6
mid,E33-P1-220,1,not,6
mid,E33-P1-221,1,not,6
mid,E33-P1-222,1,not,6
mid,E33-P1-223,1,not,6
mid,E33-P1-224,1,not,6
mid,E33-P1-225,1,not,6
mid,E33-P1-226,1,not,6
mid,E33-P1-227,1,not,6
mid,E33-P1-228,1,not,6
mid,E33-P1-229,1,not,6
mid,E33-P1-230,1,not,6
mid,E33-P1-231,1,not,6
mid,E6SP-206,1,not,12
mid,E6SP-207,1,not,12
mid,E6SP-208,1,not,12
mid,E6SP-209,0,not,12
mid,E6SP-210,1,not,12
mid,E6SP-211,1,not,12
mid,E6SP-212,1,not,12
mid,E6SP-213,1,not,12
mid,E6SP-214,1,not,12
mid,E6SP-215,1,not,12
mid,E6SP-216,1,not,12
mid,E6SP-217,1,not,12
mid,E6SP-218,1,not,12
mid,E6SP-219,1,not,12
mid,E6SP-220,1,not,12
mid,E6SP-221,1,not,12
mid,E6SP-222,1,not,12
mid,E6SP-223,1,not,12
mid,E6SP-224,1,not,12
mid,E6SP-225,0,not,12
mid,E6SP-226,1,not,12
mid,E6SP-227,1,not,12
mid,E6SP-228,1,not,12
mid,E6SP-229,0,not,12
mid,E6SP-230,1,not,12
mid,E6SP-231,0,not,12
mid,E6SP-232,1,not,12
mid,E6SP-233,1,not,12
mid,E6SP-234,1,not,12
mid,E6SP-235,1,not,12
mid,E6SP-236,1,not,12
mid,E6SP-237,1,not,12
mid,E6SP-238,1,not,12
mid,E6SP-239,0,not,12
mid,E6SP-240,1,not,12
mid,E6SP-241,1,not,12
mid,E6SP-242,1,not,12
mid,E6SP-243,1,not,12
mid,E6SP-244,0,not,12
mid,E6SP-245,0,not,12
mid,E6SP-246,1,not,12
mid,E6SP-247,0,not,12
mid,E6SP-248,1,not,12
mid,E6SP-249,1,not,12
mid,E6SP-250,0,not,12
mid,E6SP-251,0,not,12
mid,E6SP-252,1,not,12
mid,E6SP-253,0,not,12
mid,E6SP-254,1,not,12
mid,E6SP-255,1,not,12
mid,E6SP-256,1,not,12
mid,E6SP-257,0,not,12
mid,E6SP-258,1,not,12
mid,E6SP-259,1,not,12
mid,E6SP-260,0,not,12
mid,E6SP-261,0,not,12
mid,E6SP-262,1,not,12
mid,E6SP-263,1,not,12
mid,E6SP-264,0,not,12
mid,E6SP-265,0,not,12
mid,E6SP-266,1,not,12
mid,E6SP-267,1,not,12
mid,E6SP-268,1,not,12
mid,E6SP-269,1,not,12
mid,E6SP-270,1,not,12
mid,E6SP-271,1,not,12
mid,E6SP-272,1,not,12
mid,E6SP-273,0,not,12
mid,E6SP-274,1,not,12
mid,E6SP-275,0,not,12
mid,E6SP-276,1,not,12
mid,E6SP-277,0,not,12
mid,E6SP-278,0,not,12
mid,E6SP-279,0,not,12
mid,E6SP-280,0,not,12
mid,E6SP-281,0,not,12
mid,E6SP-282,0,not,12
mid,E6SP-283,1,not,12
mid,E6SP-284,0,not,12
mid,E6SP-285,1,not,12
mid,E6SP-286,1,not,12
mid,E6SP-287,1,not,12
mid,E6SP-288,1,not,12
mid,E6SP-289,0,not,12
mid,E6SP-290,0,not,12
mid,E6SP-291,0,not,12
mid,E6SP-292,1,not,12
mid,E6SP-293,1,not,12
mid,E6SP-294,0,not,12
mid,E6SP-295,1,not,12
mid,E6SP-296,0,not,12
mid,E6SP-297,1,not,12
mid,E6SP-298,1,not,12
mid,E6SP-299,0,not,12
mid,E6SP-300,1,not,12
mid,E6SP-301,1,not,12
mid,E6SP-302,1,not,12
mid,E6SP-303,1,not,12
mid,E6SP-304,0,not,12
mid,E6SP-305,1,not,12
mid,E6SP-306,1,not,12
mid,E6SP-307,1,not,12
mid,E6SP-308,1,not,12
mid,E6SP-309,1,not,12
mid,E6SP-310,0,not,12
mid,E6SP-311,1,not,12
mid,E6SP-312,1,not,12
mid,E6SP-313,1,not,12
mid,E6SP-314,1,not,12
mid,E6SP-315,1,not,12
mid,E6SP-316,0,not,12
mid,E6SP-317,1,not,12
mid,E6SP-318,0,not,12
mid,E6SP-319,1,not,12
mid,E6SP-320,0,not,12
mid,E6SP-321,1,not,12
mid,E6SP-322,0,not,12
mid,E6SP-323,1,not,12
mid,E6SP-324,1,not,12
mid,E6SP-325,1,not,12
mid,E6SP2-326,1,not,13
mid,E6SP2-327,1,not,13
mid,E6SP2-328,0,not,13
mid,E6SP2-329,0,not,13
mid,E6SP2-330,1,not,13
mid,E6SP2-331,1,not,13
mid,E6SP2-332,1,not,13
mid,E6SP2-333,1,not,13
mid,E6SP2-334,1,not,13
mid,E6SP2-335,1,not,13
mid,E6SP2-336,1,not,13
mid,E6SP2-337,1,not,13
mid,E6SP2-338,1,not,13
mid,E6SP2-339,1,not,13
mid,E6SP2-340,1,not,13
mid,E6SP2-341,1,not,13
mid,E6SP2-342,1,not,13
mid,E6SP2-343,1,not,13
mid,E6SP2-344,1,not,13
mid,E6SP2-345,1,not,13
mid,E6SP2-346,1,not,13
mid,E6SP2-347,1,not,13
mid,E6SP2-348,1,not,13
mid,E6SP2-349,1,not,13
mid,E6SP2-350,1,not,13
mid,E6SP2-351,1,not,13
mid,E6SP2-352,1,not,13
mid,E6SP2-353,1,not,13
mid,E6SP2-354,0,not,13
mid,E6SP2-355,1,not,13
mid,E6SP2-356,1,not,13
mid,E6SP2-357,1,not,13
mid,E6SP2-358,1,not,13
mid,E6SP2-359,1,not,13
mid,E6SP2-360,1,not,13
mid,E6SP2-361,1,not,13
mid,E6SP2-362,1,not,13
mid,E6SP2-363,1,not,13
mid,E6SP2-364,1,not,13
mid,E6SP2-365,1,not,13
mid,E6SP2-366,1,not,13
mid,E6SP2-367,1,not,13
mid,E6SP2-368,1,not,13
mid,E6SP2-369,1,not,13
mid,E6SP2-370,1,not,13
mid,E6SP2-371,1,not,13
mid,E6SP2-372,1,not,13
mid,E6SP2-373,1,not,13
mid,E6SP2-374,1,not,13
mid,E6SP2-375,1,not,13
mid,E6SP2-376,1,not,13
mid,E6SP2-377,1,not,13
mid,E6SP2-378,1,not,13
mid,E6SP2-379,1,not,13
mid,E6SP2-380,1,not,13
mid,E6SP2-381,0,not,13
mid,E6SP2-382,1,not,13
mid,E6SP2-383,1,not,13
mid,E6SP2-384,1,not,13
mid,E6SP2-385,1,not,13
mid,E6SP2-386,1,not,13
mid,E6SP2-387,1,not,13
mid,E6SP2-388,1,not,13
mid,E6SP2-389,1,not,13
mid,E6SP2-390,1,not,13
mid,E6SP2-391,1,not,13
mid,E6SP2-392,1,not,13
mid,E6SP2-393,1,not,13
mid,E6SP2-394,1,not,13
mid,E6SP2-395,1,not,13
mid,E6SP2-396,1,not,13
mid,E6SP2-397,1,not,13
mid,E6SP2-398,0,not,13
mid,E6SP2-399,1,not,13
mid,E6SP2-400,1,not,13
small,2010077-00304,0,not,13
small,2010077-00305,0,not,13
mid,2010077-00283,1,not,13
mid,EV-SIN-004,0,not,13
small,EV-SIN-005,0,not,13
small,EV-SIN-006,0,not,13
small,EV-SIN-007,0,not,13
small,EV-SIN-008,0,not,13
small,EV-SIN-009,0,not,13
mid,EV-SIN-010,1,not,13
mid,2010077-00286,0,not,13
mid,2010077-00287,0,not,13
mid,2010077-00282,0,not,13
mid,2010077-00288,0,not,13
mid,2010077-00284,0,not,13
small,2010077-00308,0,not,13
mid,2010077-00280,0,not,13
mid,2010077-00285,0,not,13
mid,EV-SIN-019,0,not,13
mid,EV-SIN-020,1,not,13
small,EV-SIN-021,0,not,13
small,EV-SIN-022,0,not,13
mid,EV-SIN-023,0,not,13
mid,EV-SIN-024,0,not,13
mid,EV-SIN-025,0,not,13
mid,EV-SIN-026,0,not,13
mid,EV-SIN-027,0,not,13
large,2010077-00125,0,not,13
mid,EV-SIN-029,1,not,13
mid,EV-SIN-030,1,not,13
large,2010077-00222,0,not,13
mid,E-6-PB-001,1,not,10
mid,E-6-PB-002,2,not,10
mid,E-6-PB-003,1,not,10
mid,E-6-PB-004,1,not,10
mid,E-6-PB-005,1,not,10
mid,E-6-PB-006,1,not,10
mid,E-6-PB-007,1,not,10
mid,E-6-PB-008,1,not,10
mid,E-6-PB-009,1,not,10
mid,E-6-PB-010,1,not,10
mid,E-6-PB-011,1,not,10
mid,E-6-PB-012,1,not,10
mid,E-6-PB-013,1,not,10
mid,E-6-PB-014,0,not,10
mid,E-6-PB-015,1,not,10
mid,E-6-PB-016,1,not,10
mid,E-6-PB-017,1,not,10
mid,E-6-PB-018,1,not,10
mid,E-6-PB-019,1,not,10
mid,E-6-PB-020,1,not,10
mid,E-6-PB-021,1,not,10
mid,E-6-PB-022,1,not,10
mid,E-6-PB-023,1,not,10
mid,E-6-PB-024,1,not,10
mid,E-6-PB-025,1,not,10
mid,E-6-PB-026,1,not,10
mid,E-6-PB-027,1,not,10
mid,E-6-PB-028,1,not,10
mid,E-6-PB-029,1,not,10
mid,E-6-PB-030,1,not,10
mid,E-6-PB-031,1,not,10
mid,E-6-PB-032,1,not,10
mid,E-6-PB-033,1,not,10
mid,E-6-PB-034,1,not,10
mid,E-6-PB-035,1,not,10
mid,E-6-PB-036,1,not,10
mid,E-6-PB-037,1,not,10
mid,E-6-PB-038,1,not,10
mid,E-6-PB-039,1,not,10
mid,E-6-PB-040,1,not,10
mid,E-6-PB-041,0,not,10
mid,E-6-PB-042,1,not,10
mid,E-6-PB-043,1,not,10
small,E-6-PB-044,1,not,10
small,E-6-PB-045,1,not,10
small,E-6-PB-046,1,not,10
small,E-6-PB-047,1,not,10
mid,E-6-PB-048,1,not,10
mid,E-6-PB-049,1,not,10
mid,E-6-PB-050,1,not,10
mid,E-6-PB-051,1,not,10
mid,E-6-PB-052,1,not,10
mid,E-6-PB-053,1,not,10
mid,E-6-PB-054,1,not,10
mid,E-6-PB-055,1,not,10
mid,E-6-PB-056,1,not,10
mid,E-6-PB-057,1,not,10
mid,E-6-PB-058,1,not,10
mid,E-6-PB-059,1,not,10
mid,E-6-PB-060,0,not,10
mid,E-6-PB-061,0,not,10
mid,E-6-PB-062,1,not,10
mid,E-6-PB-063,1,not,10
mid,E-6-PB-064,1,not,10
mid,E-6-PB-065,2,not,10
mid,E-6-PB-066,1,not,10
mid,E-6-PB-067,1,not,10
mid,E-6-PB-068,1,not,10
mid,E-6-PB-069,1,not,10
mid,E-6-PB-070,0,not,10
mid,E-6-PB-071,1,not,10
mid,E-6-PB-072,0,not,10
mid,E-6-PB-073,1,not,10
mid,E-6-PB-074,0,not,10
mid,E-6-PB-075,1,not,10
mid,E-6-P1-076,1,not,11
mid,E-6-P1-077,1,not,11
mid,E-6-P1-078,1,not,11
mid,E-6-P1-079,1,not,11
mid,E-6-P1-080,1,not,11
mid,E-6-P1-081,1,not,11
mid,E-6-P1-082,1,not,11
mid,E-6-P1-083,1,not,11
mid,E-6-P1-084,0,not,11
large,E-6-P1-085,1,not,11
mid,E-6-P1-086,1,not,11
mid,E-6-P1-087,1,not,11
mid,E-6-P1-088,1,not,11
mid,E-6-P1-089,1,not,11
mid,E-6-P1-090,1,not,11
mid,E-6-P1-091,1,not,11
mid,E-6-P1-092,1,not,11
mid,E-6-P1-093,1,not,11
mid,E-6-P1-094,1,not,11
mid,E-6-P1-095,1,not,11
mid,E-6-P1-096,1,not,11
mid,E-6-P1-097,1,not,11
mid,E-6-P1-098,1,not,11
mid,E-6-P1-099,1,not,11
mid,E-6-P1-100,2,not,11
mid,E-6-P1-101,1,not,11
mid,E-6-P1-102,1,not,11
mid,E-6-P1-103,2,not,11
mid,E-6-P1-104,1,not,11
mid,E-6-P1-105,1,not,11
mid,E-6-P1-106,0,not,11
mid,E-6-P1-107,1,not,11
mid,E-6-P1-108,1,not,11
mid,E-6-P1-109,1,not,11
mid,E-6-P1-110,1,not,11
mid,E-6-P1-111,1,not,11
mid,E-6-P1-112,1,not,11
mid,E-6-P1-113,1,not,11
mid,E-6-P1-114,1,not,11
mid,E-6-P1-115,1,not,11
mid,E-6-P1-116,1,not,11
mid,E-6-P1-117,1,not,11
mid,E-6-P1-118,1,not,11
mid,E-6-P1-119,1,not,11
mid,E-6-P1-120,1,not,11
mid,E-6-P1-121,2,not,11
mid,E-6-P1-122,1,not,11
mid,E-6-P1-123,1,not,11
mid,E-6-P1-124,1,not,11
mid,E-6-P1-125,1,not,11
mid,E-6-P1-126,1,not,11
large,E-6-P1-127,1,not,11
large,E-6-P1-128,1,not,11
large,E-6-P1-129,1,not,11
large,E-6-P1-130,1,not,11
large,E-6-P1-131,1,not,11
mid,E-6-P1-132,1,not,11
mid,E-6-P1-133,1,not,11
mid,E-6-P1-134,1,not,11
mid,E-6-P1-135,1,not,11
mid,E-6-P1-136,1,not,11
mid,E-6-P1-137,1,not,11
mid,E-6-P1-138,1,not,11
mid,E-6-P1-139,1,not,11
mid,E-6-P1-140,1,not,11
mid,E-6-P1-141,1,not,11
mid,E-6-P1-142,1,not,11
mid,E-6-P1-143,1,not,11
mid,E-6-P1-144,1,not,11
mid,E-6-P1-145,1,not,11
mid,E-6-P1-146,1,not,11
mid,E-6-P1-147,2,not,11
mid,E-6-P1-148,1,not,11
mid,E-6-P1-149,2,not,11
mid,E-6-P1-150,2,not,11
mid,E-6-P1-151,2,not,11
mid,E-6-P1-152,2,not,11
mid,E-6-P1-153,1,not,11
mid,E-6-P1-154,1,not,11
mid,E-6-P1-155,1,not,11
mid,E-6-P1-156,2,not,11
mid,E-6-P1-157,1,not,11
mid,E-6-P1-158,2,not,11
mid,E-6-P1-159,1,not,11
mid,E-6-P1-160,1,not,11
mid,E-6-P1-161,2,not,11
mid,E-6-P1-162,1,not,11
mid,E-6-P1-163,1,not,11
mid,E-6-P1-164,0,not,11
mid,E-6-P1-165,2,not,11
mid,E-6-P1-166,2,not,11
mid,E-6-P1-167,2,not,11
mid,E-6-P1-168,2,not,11
mid,E-6-P1-169,1,not,11
mid,E-6-P1-170,1,not,11
mid,E-6-P1-171,2,not,11
mid,E-6-P1-172,1,not,11
mid,E-6-P1-173,2,not,11
mid,E-6-P1-174,2,not,11
mid,E-6-P1-175,1,not,11
mid,E-6-P1-176,2,not,11
mid,E-6-P1-177,2,not,11
mid,E-6-P1-178,1,not,11
mid,E-6-P1-179,1,not,11
mid,E-6-P1-180,1,not,11
mid,E-6-P1-181,1,not,11
mid,E-6-P1-182,1,not,11
mid,E-6-P1-183,1,not,11
mid,E-6-P1-184,2,not,11
mid,E-6-P1-185,1,not,11
mid,E-6-P1-186,1,not,11
mid,E-6-P1-187,2,not,11
mid,E-6-P1-188,1,not,11
mid,E-6-P1-189,0,not,11
mid,E-6-P1-190,0,not,11
mid,NULL,2,164,11
mid,NULL,1,not,11
mid,NULL,2,166,11
mid,NULL,2,not,11
mid,NULL,2,168,11
mid,NULL,1,not,11
mid,NULL,1,not,11
mid,NULL,1,not,11
mid,NULL,1,not,11
mid,NULL2,not,11
mid,NULL,2,not,11
mid,NULL,not,11
mid,NULL,not,11
mid,NULL,not,11
mid,NULL,not,11
mid,E34-P1-009,1,not,16
mid,E34-P1-010,1,not,16
mid,E34-P1-011,1,not,16
mid,E34-P1-013,1,not,16
mid,E34-P1-014,1,not,16
mid,E34-P1-015,1,not,16
mid,E34-P1-016,1,not,16
mid,E34-P1-017,1,not,16
mid,E34-P1-018,1,not,16
mid,E34-P1-019,1,not,16
mid,E34-P1-020,1,not,16
mid,E34-P1-021,1,not,16
mid,E34-P1-022,1,not,16
mid,E34-P1-023,1,not,16
mid,E34-P1-024,1,not,16
mid,E34-P1-025,1,not,16
mid,E34-P1-026,1,not,16
mid,E34-P1-027,1,not,16
mid,E34-P1-028,1,not,16
mid,E34-P1-029,1,not,16
mid,E34-P1-030,1,not,16
mid,E34-P1-031,1,not,16
mid,E34-P1-032,1,not,16
mid,E34-P1-033,1,not,16
mid,E34-P1-034,1,not,16
mid,E34-P1-035,1,not,16
mid,E34-P1-036,1,not,16
mid,E34-P1-037,1,not,16
mid,E34-P1-038,1,not,16
mid,E34-P1-039,1,not,16
mid,E34-P1-040,1,not,16
mid,E34-P1-041,1,not,16
mid,E34-P1-042,1,not,16
mid,E34-P1-043,1,not,16
mid,E34-P1-044,1,not,16
mid,E34-P1-045,1,not,16
mid,E34-P1-046,1,not,16
mid,E34-P1-047,1,not,16
mid,E34-P1-048,1,not,16
mid,E34-P1-049,1,not,16
mid,E34-P1-050,1,not,16
mid,E34-P1-051,1,not,16
mid,E34-P1-052,1,not,16
mid,E34-P1-053,1,not,16
mid,E34-P1-054,1,not,16
mid,E34-P1-055,1,not,16
mid,E34-P1-056,1,not,16
mid,E34-P1-057,1,not,16
mid,E34-P1-058,1,not,16
mid,E34-P1-059,1,not,16
mid,E34-P1-060,1,not,16
mid,E34-P1-061,1,not,16
mid,E34-P1-062,1,not,16
mid,E34-P1-063,1,not,16
mid,E34-P1-064,1,not,16
mid,E34-P1-065,1,not,16
mid,E34-P1-066,1,not,16
mid,E34-P1-067,1,not,16
mid,E34-P1-068,1,not,16
mid,E34-P1-069,1,not,16
mid,E34-P1-070,1,not,16
mid,E34-P1-071,1,not,16
mid,E34-P1-072,1,not,16
mid,E34-P1-073,1,not,16
mid,E34-P1-074,1,not,16
mid,E34-P1-075,1,not,16
mid,E34-P1-076,1,not,16
mid,E34-P1-077,1,not,16
mid,E34-P1-078,1,not,16
mid,E34-P1-079,1,not,16
mid,E34-P1-080,1,not,16
mid,E34-P1-081,1,not,16
mid,E34-P1-082,1,not,16
mid,E34-P1-083,1,not,16
mid,E34-P1-084,1,not,16
mid,E34-P1-085,1,not,16
mid,E34-P1-086,1,not,16
mid,E34-P1-087,1,not,16
mid,E34-P1-088,1,not,16
mid,E34-P1-089,1,not,16
mid,E34-P1-090,1,not,16
mid,E34-P1-091,1,not,16
mid,E34-P1-092,1,not,16
mid,E34-P1-093,1,not,16
mid,E34-P1-094,1,not,16
mid,E34-P1-095,1,not,16
mid,E34-P1-096,1,not,16
mid,E34-P1-097,1,not,16
mid,E34-P1-098,1,not,16
mid,E34-P1-099,1,not,16
mid,E34-P1-100,1,not,16
mid,E34-P1-101,1,not,16
mid,E34-P1-102,1,not,16
mid,E34-P1-103,1,not,16
mid,E34-P1-104,1,not,16
mid,E34-P1-105,1,not,16
mid,E34-P1-106,1,not,16
mid,E34-P1-107,1,not,16
mid,E34-P1-108,1,not,16
mid,E34-P1-109,1,not,16
mid,E34-P1-110,1,not,16
mid,E34-P1-111,1,not,16
mid,E34-P1-112,1,not,16
mid,E34-P1-113,1,not,16
mid,E34-P1-114,1,not,16
mid,E34-P1-115,1,not,16
mid,E34-P1-116,1,not,16
mid,E34-P1-117,1,not,16
mid,E34-P1-118,1,not,16
mid,E34-P1-119,1,not,16
mid,E34-P1-120,1,not,16
mid,E34-P1-121,1,not,16
mid,E34-P1-122,1,not,16
mid,E34-P1-123,1,not,16
mid,E34-P1-124,1,not,16
mid,E34-P1-125,1,not,16
mid,E34-P1-126,1,not,16
mid,E34-P1-127,1,not,16
mid,E34-P1-128,1,not,16
mid,E34-P1-129,1,not,16
mid,E34-P1-130,1,not,16
mid,E34-P1-131,1,not,16
mid,E34-P1-132,1,not,16
mid,E34-P1-133,1,not,16
mid,E34-P1-134,1,not,16
mid,E34-P1-135,1,not,16
mid,E34-P1-136,1,not,16
mid,E34-P1-137,1,not,16
mid,E34-P1-138,1,not,16
mid,E34-P1-139,1,not,16
mid,E34-P1-140,1,not,16
mid,E34-P1-141,1,not,16
mid,E34-P1-142,1,not,16
mid,E34-P1-143,1,not,16
mid,E34-P1-144,1,not,16
mid,E34-P1-145,1,not,16
mid,E34-P1-146,1,not,16
mid,E34-P1-147,1,not,16
mid,E34-P1-148,1,not,16
mid,E34-P1-149,1,not,16
mid,E34-P1-150,1,not,16
mid,E34-P1-151,1,not,16
mid,E34-P1-152,1,not,16
mid,E34-P1-153,1,not,16
mid,E34-P1-154,1,not,16
mid,E34-P1-155,1,not,16
mid,E34-P1-156,1,not,16
mid,E34-P1-157,1,not,16
mid,E34-P1-158,1,not,16
mid,E34-P1-159,1,not,16
mid,E34-P1-160,1,not,16
mid,E34-P1-161,1,not,16
mid,E34-P1-162,1,not,16
mid,E34-P1-163,1,not,16
mid,E34-P1-164,1,not,16
mid,E34-P1-165,1,not,16
mid,E34-P1-166,1,not,16
mid,E34-P1-167,1,not,16
mid,E34-P1-168,1,not,16
mid,E34-P1-169,1,not,16
mid,E34-P1-170,1,not,16
mid,E34-P1-171,1,not,16
mid,E34-P1-172,1,not,16
mid,E34-P1-173,1,not,16
mid,E34-P1-174,1,not,16
mid,E34-P1-175,1,not,16
mid,E34-P1-176,1,not,16
mid,E34-P1-177,1,not,16
mid,E34-P1-178,1,not,16
mid,E34-P1-179,1,not,16
mid,E34-P1-180,1,not,16
mid,E34-P1-181,1,not,16
mid,E34-P1-182,1,not,16
mid,E34-P1-183,1,not,16
mid,E34-P1-184,1,not,16
mid,E34-P1-185,1,not,16
mid,E34-P1-186,1,not,16
mid,E34-P1-187,1,not,16
mid,E34-P1-188,1,not,16
mid,E34-P1-189,1,not,16
mid,E34-P1-190,1,not,16
mid,E34-P1-191,1,not,16
mid,E34-P1-192,1,not,16
mid,E34-P1-193,1,not,16
mid,E34-P1-194,1,not,16
mid,E34-P1-195,1,not,16
mid,E34-P1-196,1,not,16
mid,E34-P1-197,1,not,16
mid,E34-P1-198,1,not,16
mid,E34-P1-199,1,not,16
mid,E34-P1-200,1,not,16
